<beans xmlns="http://www.springframework.org/schema/beans"
	xmlns:jdbc="http://www.springframework.org/schema/jdbc" 
	xmlns:xsi="http://www.w3.org/2001/XMLSchema-instance"
	xsi:schemaLocation="http://www.springframework.org/schema/beans 
		http://www.springframework.org/schema/beans/spring-beans-3.2.xsd
		http://www.springframework.org/schema/jdbc 
		http://www.springframework.org/schema/jdbc/spring-jdbc-3.2.xsd">

        <!-- connect to MySQL database -->
	<bean id="dataSource"
		class="org.springframework.jdbc.datasource.DriverManagerDataSource">
		<property name="driverClassName" value="oracle.jdbc.driver.OracleDriver" />
		<property name="url" value="jdbc:oracle:thin:@//127.0.0.1:1521/XE" />
		<property name="username" value="hr" />
		<property name="password" value="root" />
	</bean>

	<bean id="transactionManager"
		class="org.springframework.batch.support.transaction.ResourcelessTransactionManager" />
	
	<!-- create job-meta tables automatically -->
	<jdbc:initialize-database data-source="dataSource">
		<jdbc:script location="org/springframework/batch/core/schema-drop-oracle10g.sql" />
		<jdbc:script location="org/springframework/batch/core/schema-oracle10g.sql" />
	</jdbc:initialize-database>
	
</beans>