<?xml version="1.0" encoding="UTF-8"?>
<report>
	<record id="1001">
		<date>2016-04-05T00:00:00+05:30</date>
		<qty>980</qty>
		<sales>213100</sales>
		<staffName>Rakesh</staffName>
	</record>
	<record id="1002">
		<date>2013-04-10T00:00:00+05:30</date>
		<qty>1080</qty>
		<sales>320200</sales>
		<staffName>Muppa</staffName>
	</record>
	<record id="1003">
		<date>2013-04-15T00:00:00+05:30</date>
		<qty>1200</qty>
		<sales>342197</sales>
		<staffName>Rakesh</staffName>
	</record>
</report>