<?xml version="1.0" encoding="UTF-8"?>
<beans:beans xmlns="http://www.springframework.org/schema/mvc"
  xmlns:xsi="http://www.w3.org/2001/XMLSchema-instance"
  xmlns:beans="http://www.springframework.org/schema/beans"
  xmlns:context="http://www.springframework.org/schema/context"
  xsi:schemaLocation="http://www.springframework.org/schema/mvc
    http://www.springframework.org/schema/mvc/spring-mvc.xsd
    http://www.springframework.org/schema/beans
    http://www.springframework.org/schema/beans/spring-beans.xsd
    http://www.springframework.org/schema/context
    http://www.springframework.org/schema/context/spring-context.xsd">
  
  <!-- DispatcherServlet Context: defines this servlet's request-processing infrastructure -->
  
  <!-- Enables the Spring MVC @Controller programming model -->
  <!-- <beans:bean annotation-driven /> -->
  <annotation-driven />
  
  <!-- Handles HTTP GET requests for /resources/** by efficiently serving up static resources in the ${webappRoot}/resources directory -->
  <resources mapping="/resources/**" location="/resources/" />
  
  <!-- Define the MongoTemplate which handles connectivity with MongoDB -->
  <beans:bean id="mongoTemplate" class="org.springframework.data.mongodb.core.MongoTemplate">
    <beans:constructor-arg name="mongo" ref="mongo" />
    <beans:constructor-arg name="databaseName" value="elections" />
  </beans:bean>
   
  <!-- Factory bean that creates the MongoDB instance -->
  <beans:bean id="mongo" class="org.springframework.data.mongodb.core.MongoFactoryBean">
    <beans:property name="host" value="localhost"/>
  </beans:bean>
  
  <!-- Use this post processor to translate any MongoExceptions thrown in @Repository annotated classes -->
  <beans:bean class="org.springframework.dao.annotation.PersistenceExceptionTranslationPostProcessor"/>
  
  <beans:bean class="org.springframework.web.servlet.mvc.annotation.AnnotationMethodHandlerAdapter">
    <beans:property name="messageConverters">
        <beans:list>
            <beans:bean class="org.springframework.http.converter.json.MappingJackson2HttpMessageConverter" />
        </beans:list>
    </beans:property>
</beans:bean>
 
<context:component-scan base-package="com.infosys.*" />
  
</beans:beans>